BR,WL,MAV,MV,STD,RMSE,Max,Min,VAR,SEN,MDF,MNF,Max_p,Min_p,r_axis,target
0.14004668222740912,-4.31046151913813,0.0014368205063793767,-0.0014368205063793767,0.5218637498462438,0.013008708438707548,2.7704485951578515,-1.4506938760902803,-0.0014372996062481742,70.3110633057307,4.192584623645977,52.473401236848666,397.4323560821917,3.042011087472929e-14,x,lateral L
0.22007338225483655,18.178012016292577,0.006061357791361313,0.006061357791361313,0.19566542968148146,0.004846800327079567,0.6028587812459641,-0.5636088589709787,0.006063379591825398,2259.1323860445186,23.765165610850048,51.48479108340017,192.00346859617053,2.88935542158697e-14,x,lateral L
0.2800933955970647,-6.627975257318193,0.0022100617730304076,-0.0022100617730304076,0.14141566036329586,0.0042635890225793125,0.32117082896267707,-0.3604518808666225,-0.0022107989517405656,184.1830482373867,6.785702768272913,37.14910328301883,168.1953073480583,9.381384558082573e-15,x,lateral L
