BR,WL,MAV,MV,STD,RMSE,Max,Min,VAR,SEN,MDF,MNF,Max_p,Min_p,r_axis,target
0.0800266755585195,18.64535487004032,0.006215118290013441,0.006215118290013441,1.0758114161154362,0.020031638244499043,2.7587246118925797,-3.490664420616342,0.0062171906869093,1351.1356313127176,18.37889843892118,42.23761250797171,1166.7277045504657,7.638334409421077e-14,z,supine
0.22007338225483655,12.275496295608969,0.004093196497368779,0.004093196497368779,0.209404872895099,0.0063212685918461395,0.43636206880283784,-0.6708255388289733,0.004094561806407246,384.9771145077526,9.810416842669742,34.05165495525584,151.05484572367155,2.958744360626042e-14,z,supine
0.1200400266844563,2.1086551815100023,0.0007031194336478834,0.0007031194336478834,0.3572962433447861,0.009540764676035705,1.449149754240521,-1.5581950371984852,0.0007033539631454152,6.926185954689003,1.315882399256199,130.91664430303538,332.0771842656799,3.425038030968608e-14,z,supine
