BR,WL,MAV,MV,STD,RMSE,Max,Min,VAR,SEN,MDF,MNF,Max_p,Min_p,r_axis,target
0.2400800266755585,-49.48930649388841,0.016496435497962803,-0.016496435497962803,0.8287649974005523,0.02422548331775395,2.8560305043292598,-2.129246383744106,-0.016501936143343915,10121.076678180685,50.3017809778657,46.66302255403369,711.2359760013517,2.7533531010703882e-14,z,supine
0.22007338225483655,0.4782722829913588,0.0001594772534149246,0.0001594772534149246,0.5079350294933551,0.01210403435550606,1.0341319953707855,-1.4962468209307436,0.0001595304479624691,34.109930708546074,2.920185384035835,18.695022895375168,439.4576561965406,4.0967229608668276e-14,z,supine
0.22007338225483655,16.022720425589192,0.005342687704431207,0.005342687704431207,0.5319672574678386,0.012162756836560616,0.9336539262573631,-1.0888985084177443,0.005344469788388652,1189.9879767952432,17.248101176616828,40.60936518689105,860.5537962217361,1.4765966227514582e-14,z,supine
