BR,WL,MAV,MV,STD,RMSE,Max,Min,VAR,SEN,MDF,MNF,Max_p,Min_p,r_axis,target
0.3401133711237079,4.030629459495298,0.0013435431531650993,0.0013435431531650993,0.15522003630419018,0.006664894655380647,0.3945737017998195,-0.4418315982967984,0.0013439911502151683,33.881989669044934,2.9104118982132468,40.67759600274797,108.88243186471838,1.2212453270876722e-15,z,lateral L
0.20006671114076052,13.88124817909572,0.004628625601565762,0.004628625601565762,0.14141850209815834,0.005486544938348334,0.3628416592387725,-0.34693478536845174,0.00463016950603592,898.3646398676335,14.986365802518915,45.46151541317113,108.6942337447533,1.1837753000065732e-14,z,lateral L
0.34011340893929287,-5.146532544284344,0.0017160828757200215,-0.0017160828757200215,0.10143468413044868,0.0043600114005664615,0.2124810500290929,-0.35995408932648326,-0.0017166552849514172,131.4647859950873,5.732904717398662,44.969542115875285,82.22232277702199,7.480127628411992e-15,z,lateral L
