BR,WL,MAV,MV,STD,RMSE,Max,Min,VAR,SEN,MDF,MNF,Max_p,Min_p,r_axis,target
0.22007335778592862,2.796856615294578,0.000932285538431526,0.000932285538431526,0.7529853073530399,0.017608762390612646,3.0992622407116177,-2.500761541990572,0.0009325964038993984,45.93774513398219,3.388869469822576,110.01819344335925,678.6999227563444,3.3084646133829665e-14,z,supine
0.2400800533689126,16.61431781512417,0.0055399525892378025,0.0055399525892378025,0.5588302607834901,0.015833731026150877,1.714057967685105,-1.1954793674409312,0.005541800472022741,849.3231494935931,14.571574636030187,40.703379444937504,583.2995354828553,3.197442310920451e-14,z,supine
0.22007338225483655,0.6602230196782557,0.00022014772246690753,0.00022014772246690753,0.5629703646058478,0.012539087907205466,1.1232307310907028,-1.3171311124893448,0.00022022115399542906,15.621721221248492,1.976216158549495,166.55232938614014,496.44409609135755,5.4567461660326444e-14,z,supine
