BR,WL,MAV,MV,STD,RMSE,Max,Min,VAR,SEN,MDF,MNF,Max_p,Min_p,r_axis,target
0.0800266755585195,-4.97813539266844,0.0016593784642228134,-0.0016593784642228134,0.24867874035992063,0.0053100303857619,1.1568031232010596,-0.6514116995671682,-0.0016599317748144254,101.9331917893564,5.0480984486575835,50.80487927095177,276.9496357046103,0.0,x,lateral L
0.1200400266844563,15.343622154206756,0.005116246133446734,0.005116246133446734,0.15643638540591984,0.0035451862624588286,0.48196255934016313,-0.49870680957809815,0.005117952686526588,612.261125703253,12.371955440665523,40.419222913026864,168.73750267266897,9.825473767932635e-15,x,lateral L
0.06002001334222815,1.630961328623659,0.0005438350545594061,0.0005438350545594061,0.16751537708946868,0.003329771115882535,0.4483830756376337,-0.7710494868213452,0.0005440164538437646,9.067458852676033,1.505611076330474,145.6954787346879,170.63146156837414,9.409140133698202e-15,x,lateral L
