BR,WL,MAV,MV,STD,RMSE,Max,Min,VAR,SEN,MDF,MNF,Max_p,Min_p,r_axis,target
0.2600866955651884,29.297106096418496,0.009765702032139499,0.009765702032139499,0.4149680048092556,0.011375972801776347,2.001675425331083,-1.942434921368136,0.009768958351590038,2977.271173435559,27.282188206939885,43.0180531281827,296.9429663524504,2.4702462297909733e-14,x,lateral R
0.3201067378252168,101.69554976597979,0.033909819861947244,0.033909819861947244,0.46718169989113023,0.013123535072203934,2.0142588290978294,-2.0307557424057183,0.03392113067577707,31557.67678824673,88.82240256298904,40.915505981411826,362.40421633984414,9.658940314238862e-14,x,lateral R
0.0800266844563042,-30.791027720569893,0.010267098272947613,-0.010267098272947613,0.3705244802283624,0.008045895709654482,0.9811024154478716,-1.093414882191826,-0.01027052292213802,4794.185788742067,34.62002956650264,41.66207782219933,401.2858147169912,3.8968828164342995e-14,x,lateral R
