BR,WL,MAV,MV,STD,RMSE,Max,Min,VAR,SEN,MDF,MNF,Max_p,Min_p,r_axis,target
0.20006668889629875,10.795533078716666,0.0035985110262388886,0.0035985110262388886,0.30959154178511844,0.008246331207551442,0.9974261854820078,-0.8192282753501449,0.0035997109298821785,467.45403813679167,10.810342711227888,46.288465631425595,261.8986267974925,2.020605904817785e-14,x,lateral L
0.14004669779853235,3.6437649435499733,0.0012149933122874202,0.0012149933122874202,0.20818964139480511,0.005928501764313137,0.4943256813605877,-0.6610215336221369,0.001215398580236819,180.12233065200166,6.71048304244936,68.23512637121559,209.992101151162,2.498001805406602e-16,x,lateral L
0.2800933955970647,-5.274555825665724,0.0017587715323993743,-0.0017587715323993743,0.20146847303284454,0.007845274031683783,0.5553320456372796,-0.46800143802608907,-0.001759358180675698,83.61004040937354,4.571926301062101,40.11844374140697,160.71521255825186,5.384581669432009e-15,x,lateral L
