BR,WL,MAV,MV,STD,RMSE,Max,Min,VAR,SEN,MDF,MNF,Max_p,Min_p,r_axis,target
0.2600866955651884,30.42381190791576,0.01014127063597192,0.01014127063597192,0.4513817939452924,0.013031776133716557,1.059076204248332,-1.3988392428365204,0.01014465218670083,3442.0201455603487,29.334366132406664,45.158479070785766,492.8053785254186,2.4313884239290928e-14,z,supine
0.10003335557038026,-10.274149347377808,0.0034258584019265783,-0.0034258584019265783,0.33356114561437933,0.009463728308627257,1.0230961528624127,-1.284270541944982,-0.0034270011165369978,486.86141007940273,11.032468106450645,24.26089511381029,336.3709495148845,2.842170943040401e-14,z,supine
0.30010006671114076,-2.694599667389241,0.0008984993889260556,-0.0008984993889260556,0.3323380302696616,0.0094218210594385,1.0052990230394805,-0.9386466237517749,-0.0008987990885220674,95.60085236615828,4.888784418599328,19.122677912724786,297.4719049961788,4.218847493575595e-15,z,supine
