BR,WL,MAV,MV,STD,RMSE,Max,Min,VAR,SEN,MDF,MNF,Max_p,Min_p,r_axis,target
0.10003334444814937,1.110554038778936,0.0003701846795929787,0.0003701846795929787,0.46533277014452284,0.010199241533373324,1.0943764578804347,-2.307789116004149,0.00037030811563152716,89.51139943077749,4.730523211833377,136.85579860961806,440.2230086747152,2.398081733190338e-14,z,supine
0.0800266844563042,19.91423470600361,0.006640291665889834,0.006640291665889834,0.2114800666467997,0.004904802617422519,0.7186194276875427,-0.4539397773369606,0.006642506573049903,1175.9224906086815,17.145863135233828,40.672867215729376,182.7365921780085,8.93729534823251e-15,z,supine
0.26008672448298864,25.34803359407306,0.008452161918663907,0.008452161918663907,0.17806428288332743,0.004411356967344563,0.38340176049028335,-0.6015999425651258,0.008454981185481337,2919.412739838231,27.015795101376487,46.555123272254235,143.3038528033571,7.618905506490137e-15,z,supine
