BR,WL,MAV,MV,STD,RMSE,Max,Min,VAR,SEN,MDF,MNF,Max_p,Min_p,r_axis,target
0.160053351117039,-6.650634639253571,0.002216878213084524,-0.002216878213084524,0.736703914437101,0.02283882499710425,3.8751205904252006,-2.1511838623439834,-0.002217617418890822,206.15827544158898,7.179106410995539,23.55150710283609,530.6693106529302,4.829470157119431e-14,x,lateral L
0.20006671114076052,-28.429031628379743,0.009479503710696814,-0.009479503710696814,0.3051025402392676,0.007508762079721561,0.7496733976092635,-0.6693822021631026,-0.009482665653228747,3193.057124746994,28.253571122722672,45.62889258234256,357.6973943282059,8.909539772616881e-15,x,lateral L
0.1600533689126084,-13.486217876180518,0.004496904927035851,-0.004496904927035851,0.36700303857504546,0.007283774817891581,0.6590602657746261,-0.7597596146332386,-0.004498404895323731,481.1817414531934,10.967927578321182,41.5325926628882,663.3888207445498,3.219646771412954e-15,x,lateral L
