BR,WL,MAV,MV,STD,RMSE,Max,Min,VAR,SEN,MDF,MNF,Max_p,Min_p,r_axis,target
0.10003334444814937,11.434716979956207,0.0038115723266520687,0.0038115723266520687,0.6007746266747771,0.01501595086925085,2.754427277794157,-1.6708874310890123,0.0038128432744102356,181.4294981569008,6.734788381176145,49.382318119851604,535.3191097851454,6.306066779870889e-14,x,lateral L
0.26008672448298864,62.11494131656316,0.02071188440032116,0.02071188440032116,0.37321533340145835,0.008834608798484746,1.320724845383366,-1.2998515046803958,0.020718792967499382,14884.723450128135,61.00148246175689,44.751576438466905,327.3021301804026,2.8171909249863347e-14,x,lateral L
0.22007338225483655,5.387453147814403,0.001796416521445283,0.001796416521445283,0.15724251472247158,0.0041907667849248745,0.362857447002705,-0.563858930994522,0.0017970157264224206,128.24766232118324,5.6623242206973465,44.19090806445222,162.43653715356197,9.71445146547012e-17,x,lateral L
