BR,WL,MAV,MV,STD,RMSE,Max,Min,VAR,SEN,MDF,MNF,Max_p,Min_p,r_axis,target
0.060020006668889625,6.951992286154166,0.002317330762051389,0.002317330762051389,0.5958546108914173,0.013393958458201013,2.2241360833198645,-2.22709655502765,0.002318103463205813,151.30950025018632,6.150396333777733,86.63243045717218,506.9956907746863,5.662137425588298e-15,x,lateral L
0.30010006671114076,-23.945667657612766,0.007984550736116295,-0.007984550736116295,0.27752215061864977,0.008230531075750924,1.0307948502228044,-0.9637376611671595,-0.007987214028556618,1663.6957982566535,20.39421362946273,36.91248406164081,299.05628178448274,1.5654144647214707e-14,x,lateral L
0.26008672448298864,9.33034162664461,0.0031111509258568227,0.0031111509258568227,0.21010372609976213,0.006093803741260366,0.5634880844570227,-0.7578391821888216,0.0031121886679935248,334.4963165365581,9.144620229082207,45.463653931410285,210.75492671689744,8.326672684688674e-15,x,lateral L
