BR,WL,MAV,MV,STD,RMSE,Max,Min,VAR,SEN,MDF,MNF,Max_p,Min_p,r_axis,target
0.2400800266755585,4.239963075322699,0.0014133210251075661,0.0014133210251075661,0.3659198837501843,0.009875808639362167,1.2329332186636521,-0.999294423140483,0.0014137922892039872,139.3363054707663,5.902040017459351,95.94880306216083,418.170861478994,1.2184697695261093e-14,x,lateral R
0.2400800533689126,32.675588250293245,0.010895494581624957,0.010895494581624957,0.2557504202882182,0.007594010544195955,0.5968011319467783,-0.5953054115385922,0.01089912883598844,4175.248901293593,32.30808297196536,47.16381806206251,194.0082290325557,1.7930101847696278e-14,x,lateral R
0.20006671114076052,-6.532769103368189,0.0021783158063915266,-0.0021783158063915266,0.3139353333281902,0.008724651656734979,1.0667987098740985,-0.7862325407324365,-0.0021790423960534153,366.2156097240385,9.56838034523135,56.6735317408732,298.9069534094895,2.481348460037225e-14,x,lateral R
