BR,WL,MAV,MV,STD,RMSE,Max,Min,VAR,SEN,MDF,MNF,Max_p,Min_p,r_axis,target
0.060020006668889625,5.913591386301022,0.001971197128767007,0.001971197128767007,0.33190200768627454,0.00743418489860574,0.7834210762494901,-0.9085500615568884,0.001971854413571553,171.51766788196338,6.548237699602149,62.681782233746674,373.3207089611833,3.477773624638303e-14,z,prone
0.10003335557038026,-2.7844921340246547,0.0009284735358535027,-0.0009284735358535027,0.21326358072183832,0.00593710260896139,0.47029879911837175,-0.6248751853462801,-0.0009287832334971983,217.12604980759312,7.36759882539069,74.15807313979033,205.51978614465176,1.8013368574543165e-14,z,prone
0.2800933955970647,-1.3615303880178384,0.00045399479427070307,-0.00045399479427070307,0.18040396320593247,0.004940753579756911,0.48767072466275907,-0.45719023964249556,-0.0004541462268238288,6.481333315422127,1.2729231433419426,191.84362868774272,187.62115763218358,7.299716386910404e-15,z,prone
