BR,WL,MAV,MV,STD,RMSE,Max,Min,VAR,SEN,MDF,MNF,Max_p,Min_p,r_axis,target
0.18006002000666887,16.369023033882826,0.005456341011294275,0.005456341011294275,0.729418292239016,0.02150844402843282,4.18382674445417,-2.597027740294831,0.005458160398093578,1005.6958406511657,15.856353936601927,58.070563447277436,580.4894669976583,1.1213252548714081e-14,z,supine
0.1600533689126084,-21.236895666860256,0.00708132566417481,-0.00708132566417481,0.2617540103163863,0.007603918365511162,0.615900365618974,-0.6842701915015471,-0.007083687680740585,1683.9202097475077,20.517798430554798,42.01744737471081,271.4299835169768,3.375077994860476e-14,z,supine
0.1600533689126084,9.17485366399013,0.0030593043227709667,0.0030593043227709667,0.19602298482386013,0.005754744274902028,0.5258986543154006,-0.4721423521206916,0.0030603247711774905,309.3083923189228,8.793582778352103,44.48750358688737,135.96219346536267,3.9968028886505635e-15,z,supine
