BR,WL,MAV,MV,STD,RMSE,Max,Min,VAR,SEN,MDF,MNF,Max_p,Min_p,r_axis,target
0.060020006668889625,5.900187944111746,0.0019667293147039152,0.0019667293147039152,0.31666434310444364,0.008712166959571825,0.7877941663988706,-0.932472900304787,0.00196738510974048,130.75065316228066,5.717312593392998,64.37112250949805,375.7339523834375,7.993605777301127e-15,z,supine
0.10003335557038026,-67.01423567030217,0.02234552706578932,-0.02234552706578932,0.5366981628096419,0.010432042613071669,2.4514029621662434,-1.6397368930859686,-0.02235298054379662,15687.57461005736,62.62502417176651,46.474029740685545,558.5335083153599,3.519406988061746e-14,z,supine
0.06002001334222815,5.700925012048025,0.0019009419846775673,0.0019009419846775673,0.3340982864152967,0.008325377942484087,1.1652519394668763,-0.8683398862620559,0.001901576054719225,104.89711537612334,5.1209646399902855,83.07126367820108,262.0176020543884,6.994405055138486e-15,z,supine
