BR,WL,MAV,MV,STD,RMSE,Max,Min,VAR,SEN,MDF,MNF,Max_p,Min_p,r_axis,target
0.3401133711237079,-4.450180873430611,0.0014833936244768703,-0.0014833936244768703,0.47410695010864135,0.014808096874600383,2.0948993522889614,-1.5843924886282241,-0.0014838882538948574,325.87466468660034,9.02599945555339,51.5212249176558,470.7075970898921,2.4980018054066022e-15,x,lateral R
0.14004669779853235,-55.244233370321865,0.018420884751691187,-0.018420884751691187,0.3821423152579718,0.00988118656436007,0.9337014719569148,-1.3770578514286436,-0.01842702914286918,14079.53869586486,59.32861597885303,45.84032567632778,333.4646988026373,6.938893903907228e-14,x,lateral R
0.2800933955970647,-4.398101210838249,0.0014665225778053514,-0.0014665225778053514,0.1991726311272197,0.00581446469860068,0.5650527375207399,-0.5736870146297376,-0.001467011744775921,31.552887045151493,2.8085978283278425,28.106449107859444,173.28369545057558,4.274358644806853e-15,x,lateral R
