BR,WL,MAV,MV,STD,RMSE,Max,Min,VAR,SEN,MDF,MNF,Max_p,Min_p,r_axis,target
0.160053351117039,14.943452727693833,0.004981150909231277,0.004981150909231277,0.5675214446541862,0.017664607227446907,2.5963187258513014,-1.723851143342838,0.004982811846513409,910.6298866400165,15.088322360686893,46.83557277588144,467.7389485578546,5.773159728050814e-15,x,lateral L
0.4801601067378252,25.92884361802659,0.008645829815947513,0.008645829815947513,0.25014382635398674,0.010717390373487972,0.610449221379974,-0.5460202680373872,0.008648713681796727,2943.076844005663,27.125066101328045,45.63211054960416,239.04099123144238,9.686695889854491e-15,x,lateral L
0.42014009339559705,6.617602396931826,0.002206602999977268,0.002206602999977268,0.2824575371178599,0.01061168369458704,0.7457515795350887,-0.8255504801817769,0.0022073390249939136,134.24116043309448,5.793124382254676,60.740903870557055,333.56435272801383,7.799316747991725e-15,x,lateral L
