BR,WL,MAV,MV,STD,RMSE,Max,Min,VAR,SEN,MDF,MNF,Max_p,Min_p,r_axis,target
0.20006668889629875,12.839073111343875,0.004279691037114625,0.004279691037114625,0.6556953892106281,0.016484829094036573,1.4703137570203537,-1.7265084319175765,0.004281118076473526,515.2697728655775,11.349777232016246,30.14416759542292,840.0783211308177,3.1530333899354446e-14,x,lateral L
0.14004669779853235,-16.632328259585222,0.005545958072552592,-0.005545958072552592,0.5104132673458448,0.011112625346351344,0.8626475087176485,-1.186803452346799,-0.005547807958500779,717.216259774463,13.390446779089029,48.25478351009281,591.9457717521304,3.175237850427948e-14,x,lateral L
0.1200400266844563,39.35407728287353,0.01312239989425593,0.01312239989425593,0.42791831096783023,0.009504818450423457,1.0381203004659822,-0.8978543017071937,0.013126776945588258,5429.015522624012,36.8409267073455,39.77542030591546,367.2327166163348,6.242228955954943e-14,x,lateral L
