BR,WL,MAV,MV,STD,RMSE,Max,Min,VAR,SEN,MDF,MNF,Max_p,Min_p,r_axis,target
0.0800266755585195,-4.3035552010214815,0.001434518400340494,-0.001434518400340494,0.49655749554535905,0.01095516430868016,1.7084320919218854,-1.5299427083344015,-0.0014349967325846345,56.15137926874217,3.746711200130795,22.804144860829698,482.70989755318413,1.9317880628477724e-14,z,prone
0.2400800533689126,-7.949305655829649,0.0026506521026440975,-0.0026506521026440975,0.14699611855035183,0.005342602414493755,0.4816747587376413,-0.6887688254053672,-0.0026515362427717314,370.7802069416261,9.62782694772847,44.791084863250134,118.98513373372926,1.27675647831893e-14,z,prone
0.14004669779853235,0.9159594463270082,0.000305421622649886,0.000305421622649886,0.15343392459504038,0.006123449829983628,0.47378333983049575,-0.3627157696151037,0.00030552349777418893,9.381833473070623,1.5314889383432242,40.28579650039443,117.72732543636647,4.801714581503802e-15,z,prone
