BR,WL,MAV,MV,STD,RMSE,Max,Min,VAR,SEN,MDF,MNF,Max_p,Min_p,r_axis,target
0.36012004001333775,-3.560930938022164,0.0011869769793407213,-0.0011869769793407213,0.1185936535344608,0.005108357951511533,0.34822020440435714,-0.32241054251157997,-0.0011873727702641395,70.20235107480669,4.189342164194955,41.29358348921281,77.87204188166588,8.715250743307479e-15,z,supine
0.34011340893929287,9.233639497945195,0.0030789061346932958,0.0030789061346932958,0.14052767399003352,0.005752115054091197,0.35835531065984944,-0.379126144928698,0.0030799331213959918,208.30969598770653,7.216468942420984,44.333362195118674,112.45857322101882,5.745404152435185e-15,z,supine
0.2400800533689126,-7.218404096528226,0.002406937011179802,-0.002406937011179802,0.11286677172623372,0.005478645971946859,0.2897998801435537,-0.35633395147022323,-0.0024077398587485704,110.81640923749289,5.26346865758439,36.71308375052781,77.34333249755365,5.23192600354605e-15,z,supine
