BR,WL,MAV,MV,STD,RMSE,Max,Min,VAR,SEN,MDF,MNF,Max_p,Min_p,r_axis,target
0.2600866955651884,-72.3498072662579,0.024116602422085964,-0.024116602422085964,0.6186237366695146,0.017500289979156074,1.6200293991108299,-1.5533174389107862,-0.024124643970075993,19177.751269704913,69.24187907203435,39.34441429480067,526.3840567458286,3.186340080674199e-14,x,lateral R
0.26008672448298864,4.426924521811852,0.00147613355178788,0.00147613355178788,0.41534304057102406,0.011135081802831044,0.8486147319594417,-0.8342887777615009,0.001476625924553658,15.765618341435742,1.9852971025413138,96.91398420842303,583.2956263810324,1.6653345369377348e-16,x,lateral R
0.20006671114076052,-1.3703752803562512,0.00045694407481035386,-0.00045694407481035386,0.3986699222146081,0.008826448753146737,0.8846556749495676,-0.6619278677355195,-0.0004570964911128553,2.0525316113502816,0.7163329552921396,224.57678744601387,522.7877084542571,6.850076061937216e-14,x,lateral R
