BR,WL,MAV,MV,STD,RMSE,Max,Min,VAR,SEN,MDF,MNF,Max_p,Min_p,r_axis,target
0.3001000333444481,-18.783452042456894,0.006261150680818965,-0.006261150680818965,0.5158454116280765,0.01380427572146623,2.5613150456005265,-2.245536298139983,-0.006263238426961309,1069.3526828595,16.350479219731604,34.04568645603344,362.9057467162926,1.4488410471358293e-14,z,prone
0.18006004002668446,61.6556537997975,0.020558737512436646,0.020558737512436646,0.29029135405004713,0.006503538022295241,0.7382701989102681,-1.0113570763527666,0.02056559499659687,16975.791905172802,65.14559061282046,45.794411410172934,281.51492639440977,2.2898349882893854e-14,z,prone
0.0800266844563042,-9.00153502585649,0.0030015121793452787,-0.0030015121793452787,0.3751817200433088,0.00925529596135292,0.8136507469161777,-1.1578608149036926,-0.003002513350852751,910.7845201648362,15.089603375874697,67.35692468775359,370.6949095124235,1.7486012637846216e-14,z,prone
