BR,WL,MAV,MV,STD,RMSE,Max,Min,VAR,SEN,MDF,MNF,Max_p,Min_p,r_axis,target
0.22007335778592862,-9.73219244208775,0.0032440641473625836,-0.0032440641473625836,0.7577107252464346,0.016300402044434364,2.7270517750914456,-2.7386388682016283,-0.003245145862650246,226.18722432223737,7.519761038793676,43.159654181089074,667.3284345501531,4.984901380566953e-14,x,lateral R
0.22007338225483655,30.284969604530815,0.010098355986839218,0.010098355986839218,0.4228021037516943,0.008988836255972353,1.3569883825536875,-1.1498577311171463,0.010101724351077703,3393.0194402002567,29.124815193406192,41.74045347453779,332.9571523238786,5.739853037312059e-14,x,lateral R
0.18006004002668446,1.9098384301237559,0.0006368250850696085,0.0006368250850696085,0.42480203975457437,0.009315036098625946,1.113211851655373,-1.2970152163252318,0.0006370375017090735,1.2388642609292235,0.556521396922262,201.46988670014218,388.3980293476823,9.048317650695026e-15,x,lateral R
