BR,WL,MAV,MV,STD,RMSE,Max,Min,VAR,SEN,MDF,MNF,Max_p,Min_p,r_axis,target
0.14004668222740912,-30.967800461458452,0.010322600153819484,-0.010322600153819484,0.33743269915891394,0.009950332695892712,1.452825871432506,-1.0966261164243163,-0.01032604216787541,3290.641408971201,28.682056276403898,39.70509448393323,336.9065833124558,2.2815083156046967e-14,x,lateral R
0.0800266844563042,61.12976189748812,0.02038338175974929,0.02038338175974929,0.5022318424343901,0.0106305389723063,1.5561094599887624,-1.7805062654865516,0.020390180752998043,15726.67925457839,62.70302874379034,47.72340556458614,587.9983204164823,2.3037127760971998e-14,x,lateral R
0.14004669779853235,80.07826090065356,0.026701654184946168,0.026701654184946168,0.19199501063941496,0.005825990072584911,0.8213347222607239,-0.5996047788338187,0.02671056067400052,16960.313891173693,65.11588494978336,38.85338928955288,157.96893507958845,4.976574707882264e-14,x,lateral R
