BR,WL,MAV,MV,STD,RMSE,Max,Min,VAR,SEN,MDF,MNF,Max_p,Min_p,r_axis,target
0.060020006668889625,31.84149501769248,0.01061383167256416,0.01061383167256416,0.3950482312943586,0.009208216628174748,1.859523617926774,-1.0628207579943394,0.01061737079616287,3577.534145867825,29.906245776876712,44.84072186458453,372.218141641666,1.7041923427996153e-14,x,lateral L
0.10003335557038026,42.2412378960574,0.014085107667908436,0.014085107667908436,0.40790607511362087,0.007948781159766015,1.6313499835053868,-1.3570983944108417,0.014089805835909736,11479.660587849754,53.57158899045686,51.75532280320644,365.06367895556275,2.7478019859472624e-14,x,lateral L
0.1600533689126084,-4.295429702634205,0.0014322873299880644,-0.0014322873299880644,0.19879495849684814,0.004182932877978929,0.5558553586022136,-0.4706990942947771,-0.0014327650775964411,94.86398678075662,4.869907257349893,43.030260799924285,198.89179136849052,8.743006318923108e-15,x,lateral L
