BR,WL,MAV,MV,STD,RMSE,Max,Min,VAR,SEN,MDF,MNF,Max_p,Min_p,r_axis,target
0.18006002000666887,16.146844753919453,0.0053822815846398175,0.0053822815846398175,0.7728179660024094,0.016411391846030545,1.4074901570193659,-1.637286083819203,0.005384076276732153,399.2593472152464,9.990737550542082,39.1164435102351,1201.3917270701947,4.163336342344337e-14,z,prone
0.18006004002668446,20.58801333790214,0.0068649594324448615,0.0068649594324448615,0.6821554414428712,0.013658894229974624,1.2201643589863564,-1.5234199766813767,0.006867249278819899,2469.262017724467,24.84583475013703,50.38980795566782,1224.5531620595973,1.0824674490095276e-14,z,prone
0.10003335557038026,42.18168676201498,0.01406525067089529,0.01406525067089529,1.1489449806095804,0.013394860910529535,1.9272527387330327,-2.8032784023255357,0.014069942215481917,8199.440960778658,45.27538227552214,43.061149661203864,1918.8470172203474,2.0627943797535409e-13,z,prone
