BR,WL,MAV,MV,STD,RMSE,Max,Min,VAR,SEN,MDF,MNF,Max_p,Min_p,r_axis,target
0.2600866955651884,2.351245078239824,0.0007837483594132747,0.0007837483594132747,0.4342932776852154,0.010834021963969404,1.0609280970424197,-1.5851808593419465,0.0007840096959785949,80.16974627157217,4.4768779934115965,71.01938781248525,431.0960292303864,1.27675647831893e-14,z,supine
0.18006004002668446,12.785069707459122,0.004263110939466196,0.004263110939466196,0.2099578318033929,0.005873707523776857,0.46954817170683505,-0.5637553049117235,0.0042645329244360005,535.1140692284002,11.56626635120859,39.103809260788516,173.24768387551794,5.245803791353865e-15,z,supine
0.22007338225483655,2.1465118266358214,0.0007157425230529582,0.0007157425230529582,0.15910883685338847,0.004563947424022592,0.32009232361705336,-0.4454018183775542,0.0007159812630539694,28.196689599272503,2.655027758766022,53.481408050306214,131.51175317479925,8.520961713998076e-15,z,supine
