BR,WL,MAV,MV,STD,RMSE,Max,Min,VAR,SEN,MDF,MNF,Max_p,Min_p,r_axis,target
0.20006668889629875,54.730302353620395,0.018243434117873464,0.018243434117873464,0.27806799140773597,0.007716465729815557,1.0643391860229232,-0.6085211965340357,0.018249517290303576,11084.586885780047,52.641682357662276,42.344293597976225,279.97601748929293,2.7422508708241367e-14,x,lateral R
0.22007338225483655,-1.483722469637362,0.000494739069568977,-0.000494739069568977,0.0836077015265243,0.0022516647999514033,0.18887958223064835,-0.28851105597670385,-0.0004949040926075294,3.3302974995879415,0.9124551358269541,74.89037155801506,79.24266163811934,4.052314039881821e-15,x,lateral R
0.06002001334222815,5.63494284660052,0.001878940595732084,0.001878940595732084,0.17843581921217286,0.003417980768287301,0.4767911295321915,-0.383533333953194,0.001879567327084895,89.04432514160227,4.718165033718147,44.638602121162485,153.13606891668078,1.6653345369377348e-15,x,lateral R
