BR,WL,MAV,MV,STD,RMSE,Max,Min,VAR,SEN,MDF,MNF,Max_p,Min_p,r_axis,target
0.20006668889629875,-26.571323036913235,0.008857107678971078,-0.008857107678971078,0.5384930953079011,0.017204429992731134,2.1372760529207575,-2.8407196418153697,-0.008860061032648617,3021.362576332874,27.483461282800945,41.196707529020145,521.8337694757263,1.7763568394002505e-14,x,lateral L
0.1600533689126084,-9.528371733819828,0.0031771829722640308,-0.0031771829722640308,0.49799238254490746,0.016558550979782927,2.4510446849586254,-2.5250438556522434,-0.00317824273976647,207.74918410585474,7.206753501158735,55.81029414093525,455.77343541514307,6.744604874597826e-14,x,lateral L
0.380126751167445,-11.797745506076119,0.00393389313306973,-0.00393389313306973,0.16887978215643049,0.006491359058136554,0.3142003732582733,-0.4651155406668703,-0.003935205305562424,489.9973897400116,11.067942330668465,47.166159786590356,192.15045226826857,1.942890293094024e-14,x,lateral L
