BR,WL,MAV,MV,STD,RMSE,Max,Min,VAR,SEN,MDF,MNF,Max_p,Min_p,r_axis,target
0.28009336445481825,-7.229185695819059,0.0024097285652730197,-0.0024097285652730197,0.4419735489653854,0.013845537433670329,1.7243570618673758,-1.4853106559034626,-0.002410532075964996,169.87291651414336,6.516765235033087,59.674639929435166,438.1294393245254,8.215650382226158e-15,z,prone
0.34011340893929287,-2.738206957057102,0.0009130399990187069,-0.0009130399990187069,0.1496376172328015,0.004569702326222394,0.5878703576151071,-0.529947906816186,-0.0009133445487181863,7.913508622901925,1.4065479571367203,215.40748005267506,123.67717515945968,2.192690473634684e-15,z,prone
0.0800266844563042,-7.310747175751883,0.0024377283013510783,-0.0024377283013510783,0.18394691922788797,0.004036952669208803,0.45389544455244324,-0.6773447973332583,-0.0024385414195302996,246.87159034726847,7.856073929566671,47.349454800110166,140.965357898039,7.494005416219807e-15,z,prone
