BR,WL,MAV,MV,STD,RMSE,Max,Min,VAR,SEN,MDF,MNF,Max_p,Min_p,r_axis,target
0.0800266755585195,-6.885006953828658,0.002295002317942886,-0.002295002317942886,0.4854464936502676,0.011175053698677983,1.4931984414098716,-2.5043000906945805,-0.0022957675738008534,185.0068274269,6.800860743812139,78.55763479116757,422.6695569479692,2.19824158875781e-14,z,prone
0.10003335557038026,6.678477468529107,0.002226901456661923,0.002226901456661923,0.07014932866005445,0.0019500111268922573,0.19390697423750444,-0.1772083846127215,0.0022276442523445922,199.6137332510811,7.064236215810615,41.08400799865745,63.901470363741005,5.88418203051333e-15,z,prone
0.10003335557038026,-0.5660784025094099,0.0001887557194096065,-0.0001887557194096065,0.0907069284654168,0.0019988984486037542,0.21965334640722034,-0.2619603716755577,-0.0001888186799564443,0.0002934707041322551,0.008565493332731267,9844.30028401267,108.3994283901828,1.2281842209915794e-14,z,prone
