BR,WL,MAV,MV,STD,RMSE,Max,Min,VAR,SEN,MDF,MNF,Max_p,Min_p,r_axis,target
0.10003334444814937,-10.961866047312949,0.003653955349104316,-0.003653955349104316,0.34343781587292765,0.007991253485978934,0.987694267732961,-0.98507211197184,-0.003655173740351079,534.4977551660397,11.55960374716668,53.009705309134276,363.62017528251886,1.509903313490213e-14,x,lateral R
0.26008672448298864,-1.5433141528482945,0.000514609587478591,-0.000514609587478591,0.12786559331536093,0.0038496788985575912,0.3136664303218309,-0.3532445761504268,-0.000514781238441712,32.71274413161437,2.859752792271317,45.18585654418835,117.13134083430651,3.566591466608315e-15,x,lateral R
0.06002001334222815,61.598743432411716,0.020539761064492068,0.020539761064492068,0.2519007417250592,0.006349686838750004,0.9625848857443597,-0.7225686626903445,0.020546612218949902,9570.899916027354,48.91548813010904,40.91474691390413,210.0854118092944,4.5852210917018965e-14,x,lateral R
