BR,WL,MAV,MV,STD,RMSE,Max,Min,VAR,SEN,MDF,MNF,Max_p,Min_p,r_axis,target
0.2600866955651884,-27.146251037027465,0.00904875034567582,-0.00904875034567582,0.49793758786002174,0.01551991571522663,1.951417904464613,-0.9993143093967956,-0.00905176760154307,2524.8693438905652,25.12403900595287,48.58487213945084,421.33104304666716,4.884981308350689e-15,x,lateral R
0.14004669779853235,-60.14017853037345,0.020053410647006817,-0.020053410647006817,0.5723265395551603,0.0137387484608484,1.118005990109331,-1.313460174588442,-0.020060099576508835,12904.12553760456,56.798163565393025,38.442142346768534,494.6674552042066,4.030109579389318e-14,x,lateral R
0.26008672448298864,-42.928522651694735,0.014314278976890542,-0.014314278976890542,0.4790376343937012,0.013674868111507666,0.8887042590259714,-1.3748288985924209,-0.014319053586289108,6368.176397877974,39.90042730935965,38.60333982574192,448.1612036535995,4.6629367034256575e-15,x,lateral R
