BR,WL,MAV,MV,STD,RMSE,Max,Min,VAR,SEN,MDF,MNF,Max_p,Min_p,r_axis,target
0.0800266755585195,8.982366476088128,0.0029941221586960425,0.0029941221586960425,0.2917436963380837,0.007579422426226429,0.8134930241863371,-0.874545868248481,0.002995120532206787,359.9221496950043,9.485807157208662,43.29018646239126,217.14062001333303,2.353672812205332e-14,z,prone
0.10003335557038026,-37.26377282950044,0.012425399409636693,-0.012425399409636693,0.2828432975499334,0.006858640485955159,0.847919864340725,-0.9985119520581649,-0.012429543972481815,6597.585025439142,40.61275977275843,43.33304082781799,227.9598018758332,5.2458037913538647e-14,z,prone
0.2400800533689126,-25.066991440200166,0.00835844996338785,-0.00835844996338785,0.39265321738009784,0.009933521212028128,0.9897906223002415,-0.958054852684731,-0.008361237972048059,1732.9049590676889,20.814087531451438,50.64781346530008,430.85679701840974,4.7128967395337895e-14,z,prone
