BR,WL,MAV,MV,STD,RMSE,Max,Min,VAR,SEN,MDF,MNF,Max_p,Min_p,r_axis,target
0.060020006668889625,27.041456428108546,0.009013818809369516,0.009013818809369516,0.519731659318142,0.012131464249708093,1.1221411567645874,-2.1561932901668057,0.009016824417508663,3200.5432148119453,28.28667183857066,50.29871716882177,490.96091825322145,4.4853010194856324e-14,z,prone
0.22007338225483655,37.42030513422664,0.012477594242823154,0.012477594242823154,0.6029461425199442,0.014614414120053407,1.4488446321086406,-1.6102396503480414,0.012481756215552598,4895.082531060049,34.98243320246624,41.48409318360523,628.5072569576051,6.356026815979021e-14,z,prone
0.20006671114076052,-11.769808976317108,0.003924577851389499,-0.003924577851389499,0.7522313925697833,0.016412857919865527,1.5444121375229176,-1.8988555396255715,-0.003925886916716847,167.29581615542293,6.467144194994861,82.58467780272741,998.26230775107,3.6692870963861424e-14,z,prone
