BR,WL,MAV,MV,STD,RMSE,Max,Min,VAR,SEN,MDF,MNF,Max_p,Min_p,r_axis,target
0.22007335778592862,3.3436596342307254,0.0011145532114102419,0.0011145532114102419,0.3846181571623823,0.010531125891367007,1.102039842551635,-0.9391649757420146,0.0011149248530278922,5.217133709963468,1.1420522875467949,398.45437597589887,347.64711408821773,4.773959005888173e-15,z,supine
0.10003335557038026,-15.55275146473495,0.00518597914796097,-0.00518597914796097,0.26229670071662875,0.0072909320071698315,0.6959631537583906,-0.7277847281192052,-0.00518770896088557,807.1499658920342,14.205192412389511,32.43045091608276,226.76876455322432,2.786659791809143e-14,z,supine
0.1200400266844563,2.9515888874516634,0.0009841910261592741,0.0009841910261592741,0.32572355100875233,0.00682035197132103,0.6760026497864181,-0.9729056732771675,0.000984519308689691,1.7140087768704435,0.6546007899610349,114.37521852894112,411.3123112372514,1.6514567491299204e-15,z,supine
